{
    "in_dim": 128,
    "h_dim": 128, 
    "num_narrative_rels": 8,
    "num_output_rels": 8,
    "bert_weight_name": "google/bert_uncased_L-2_H-128_A-2",
    "num_hidden_layers": 2,
    "dropout": 0.1,
    "reg_param": 0,
    "use_gate": false,
    "class_weights": [
        1.6666556718645318,
        6.914778301118475,
        279.57044355083303,
        299.7410332622408,
        837.5381945088958,
        500.52560241560116,
        2085.484485554369,
        189.32289277714676
    ]
}
